{"cameraMode":{"drawMode":2,"name":"Shaded Wireframe","section":"Shading Mode"},"sceneLighting":false,"audioPlay":false,"sceneViewState":{"showFog":true,"showMaterialUpdate":false,"showSkybox":false,"showFlares":true,"showImageEffects":true,"showParticleSystems":true},"in2DMode":false,"pivot":{"x":0.0009464025497436523,"y":0.2571415901184082,"z":-0.0010249316692352296},"rotation":{"x":-0.3165075182914734,"y":-0.00019591920136008412,"z":-0.0010723843006417156,"w":-0.949064314365387},"size":0.7693676948547363,"orthographic":false}