{"cameraMode":{"drawMode":2,"name":"Shaded Wireframe","section":"Shading Mode"},"sceneLighting":false,"audioPlay":false,"sceneViewState":{"showFog":true,"showMaterialUpdate":false,"showSkybox":false,"showFlares":true,"showImageEffects":true,"showParticleSystems":true},"in2DMode":false,"pivot":{"x":-0.000687330961227417,"y":0.8985931873321533,"z":-0.06026577949523926},"rotation":{"x":-0.040640268474817279,"y":0.9378345608711243,"z":-0.11766891926527024,"w":-0.3240632116794586},"size":1.5805779695510865,"orthographic":false}