{"cameraMode":{"drawMode":2,"name":"Shaded Wireframe","section":"Shading Mode"},"sceneLighting":false,"audioPlay":false,"sceneViewState":{"showFog":true,"showMaterialUpdate":false,"showSkybox":false,"showFlares":true,"showImageEffects":true,"showParticleSystems":true},"in2DMode":false,"pivot":{"x":-0.000687330961227417,"y":89.29859161376953,"z":-0.06026577949523926},"rotation":{"x":-0.06223028153181076,"y":0.7887813448905945,"z":-0.08098277449607849,"w":-0.6061322689056397},"size":7.580577850341797,"orthographic":false}