{"cameraMode":{"drawMode":2,"name":"Shaded Wireframe","section":"Shading Mode"},"sceneLighting":false,"audioPlay":false,"sceneViewState":{"showFog":true,"showMaterialUpdate":false,"showSkybox":false,"showFlares":true,"showImageEffects":true,"showParticleSystems":true},"in2DMode":false,"pivot":{"x":0.023345619440078737,"y":1.600377082824707,"z":-0.0034331679344177248},"rotation":{"x":-0.3165075182914734,"y":-0.00019591920136008412,"z":-0.0010723843006417156,"w":-0.949064314365387},"size":1.7395713329315186,"orthographic":false}