{"cameraMode":{"drawMode":2,"name":"Shaded Wireframe","section":"Shading Mode"},"sceneLighting":false,"audioPlay":false,"sceneViewState":{"showFog":true,"showMaterialUpdate":false,"showSkybox":false,"showFlares":true,"showImageEffects":true,"showParticleSystems":true},"in2DMode":false,"pivot":{"x":-0.021661490201950074,"y":0.21918946504592896,"z":-0.016345113515853883},"rotation":{"x":-0.13115355372428895,"y":0.19498136639595033,"z":-0.027761021628975869,"w":-0.9720680117607117},"size":0.5232096910476685,"orthographic":false}