{"cameraMode":{"drawMode":2,"name":"Shaded Wireframe","section":"Shading Mode"},"sceneLighting":false,"audioPlay":false,"sceneViewState":{"showFog":true,"showMaterialUpdate":false,"showSkybox":false,"showFlares":true,"showImageEffects":true,"showParticleSystems":true},"in2DMode":false,"pivot":{"x":0.5945158004760742,"y":1.4083881378173829,"z":-6.59999942779541},"rotation":{"x":-0.2816048562526703,"y":0.14451861381530763,"z":-0.04401223734021187,"w":-0.9480381608009338},"size":5.018598556518555,"orthographic":false}