{"cameraMode":{"drawMode":2,"name":"Shaded Wireframe","section":"Shading Mode"},"sceneLighting":false,"audioPlay":false,"sceneViewState":{"showFog":true,"showMaterialUpdate":false,"showSkybox":false,"showFlares":true,"showImageEffects":true,"showParticleSystems":true},"in2DMode":false,"pivot":{"x":-0.06675167381763458,"y":0.4675300717353821,"z":0.040108516812324527},"rotation":{"x":-0.13115355372428895,"y":0.19498136639595033,"z":-0.027761021628975869,"w":-0.9720680117607117},"size":0.70624840259552,"orthographic":false}