{"cameraMode":{"drawMode":2,"name":"Shaded Wireframe","section":"Shading Mode"},"sceneLighting":false,"audioPlay":false,"sceneViewState":{"showFog":true,"showMaterialUpdate":false,"showSkybox":false,"showFlares":true,"showImageEffects":true,"showParticleSystems":true},"in2DMode":false,"pivot":{"x":0.5945158004760742,"y":1.4083881378173829,"z":-6.59999942779541},"rotation":{"x":-0.2573118507862091,"y":0.5825810432434082,"z":-0.20320644974708558,"w":-0.7443098425865173},"size":5.018598556518555,"orthographic":false}