{"cameraMode":{"drawMode":2,"name":"Shaded Wireframe","section":"Shading Mode"},"sceneLighting":false,"audioPlay":false,"sceneViewState":{"showFog":true,"showMaterialUpdate":false,"showSkybox":false,"showFlares":true,"showImageEffects":true,"showParticleSystems":true},"in2DMode":false,"pivot":{"x":-0.00014510750770568848,"y":89.45812225341797,"z":-0.20054006576538087},"rotation":{"x":-0.07253192365169525,"y":0.624971330165863,"z":-0.0584857352077961,"w":-0.7750682234764099},"size":1.4517616033554078,"orthographic":false}