{"cameraMode":{"drawMode":2,"name":"Shaded Wireframe","section":"Shading Mode"},"sceneLighting":false,"audioPlay":false,"sceneViewState":{"showFog":true,"showMaterialUpdate":false,"showSkybox":false,"showFlares":true,"showImageEffects":true,"showParticleSystems":true},"in2DMode":false,"pivot":{"x":-0.005746603012084961,"y":0.006432920694351196,"z":-0.0038064122200012209},"rotation":{"x":-0.16064247488975526,"y":0.031016075983643533,"z":-0.006528166122734547,"w":-0.9869628548622131},"size":1.0240389108657838,"orthographic":false}