{"cameraMode":{"drawMode":2,"name":"Shaded Wireframe","section":"Shading Mode"},"sceneLighting":false,"audioPlay":false,"sceneViewState":{"showFog":true,"showMaterialUpdate":false,"showSkybox":false,"showFlares":true,"showImageEffects":true,"showParticleSystems":true},"in2DMode":false,"pivot":{"x":0.5945156812667847,"y":0.9999995827674866,"z":-6.1916117668151859},"rotation":{"x":-0.06569229066371918,"y":0.9314866065979004,"z":-0.21576476097106934,"w":-0.286991685628891},"size":5.1154069900512699,"orthographic":false}